Airline,avg(totalTravelDistance),avg(travelDurationSplit)
Cape Air,831.3586705437943,453.7695319148936
Frontier Airlines,1523.490769630673,399.3980655291786
American Airlines,1454.3134149466348,370.67512376078434
