Airline,avg(totalTravelDistance),avg(travelDurationSplit)
Delta,1601.4893332224128,432.34271289674336
Boutique Air,1000.3085859205629,565.2888288951609
Key Lime Air,932.7570324328632,373.85247666905957
