Airline,avg(totalTravelDistance),avg(travelDurationSplit)
JetBlue Airways,1528.052654474054,359.83069938156785
Alaska Airlines,2499.743420516402,619.9945737404488
